id,forecastVolum
1,284
2,257
3,287
4,145
5,197
6,111
7,928
8,100
9,960
10,119
11,310
12,91
13,131
14,219
15,718
16,248
17,115
18,118
19,877
20,64
21,212
22,271
23,85
24,521
25,215
26,670
27,274
28,451
29,348
30,559
31,1818
32,261
33,392
34,178
35,486
36,560
37,336
38,336
39,441
40,364
41,478
42,175
43,354
44,334
45,47
46,97
47,163
48,99
49,275
50,53
51,167
52,322
53,545
54,74
55,200
56,206
57,226
58,118
59,127
60,130
61,269
62,511
63,419
64,304
65,2824
66,1511
67,549
68,191
69,449
70,844
71,962
72,1074
73,1302
74,1743
75,1834
76,1386
77,1231
78,1224
79,1193
80,336
81,1257
82,714
83,445
84,340
85,218
86,275
87,165
88,316
89,217
90,1595
91,422
92,845
93,836
94,717
95,1359
96,1147
97,545
98,1479
99,1257
100,623
101,1291
102,1550
103,880
104,570
105,711
106,360
107,566
108,1023
109,1043
110,356
111,336
112,487
113,633
114,164
115,1066
116,1115
117,769
118,423
119,1904
120,304
121,556
122,490
123,828
124,969
125,1534
126,768
127,572
128,123
129,321
130,565
131,666
132,626
133,982
134,644
135,561
136,981
137,548
138,1001
139,772
140,163
141,691
142,177
143,571
144,191
145,374
146,417
147,323
148,232
149,158
150,181
151,171
152,368
153,230
154,133
155,234
156,218
157,75
158,546
159,432
160,300
161,142
162,141
163,272
164,58
165,307
166,106
167,142
168,561
169,262
170,100
171,118
172,154
173,194
174,69
175,428
176,325
177,296
178,179
179,177
180,160
181,368
182,441
183,416
184,213
185,518
186,429
187,513
188,252
189,369
190,461
191,417
192,518
193,664
194,667
195,362
196,469
197,331
198,430
199,530
200,128
201,334
202,134
203,296
204,631
205,640
206,206
207,207
208,292
209,799
210,540
211,360
212,773
213,575
214,398
215,398
216,543
217,131
218,354
219,374
220,171
221,39
222,222
223,217
224,47
225,395
226,280
227,530
228,383
229,449
230,285
231,248
232,440
233,558
234,923
235,570
236,760
237,369
238,201
239,79
240,275
241,875
242,763
243,325
244,396
245,827
246,246
247,465
248,230
249,528
250,437
251,426
252,478
253,376
254,761
255,570
256,946
257,362
258,559
259,748
260,183
261,426
262,249
263,387
264,253
265,125
266,513
267,200
268,248
269,546
270,535
271,710
272,520
273,283
274,253
275,497
276,691
277,627
278,1327
279,722
280,530
281,441
282,326
283,608
284,187
285,268
286,177
287,183
288,859
289,391
290,61
291,865
292,847
293,1127
294,281
295,642
296,445
297,891
298,462
299,738
300,1545
301,679
302,935
303,859
304,297
305,586
306,597
307,542
308,191
309,287
310,221
311,248
312,415
313,561
314,704
315,422
316,755
317,245
318,313
319,1026
320,169
321,725
322,485
323,237
324,169
325,173
326,166
327,57
328,231
329,229
330,123
331,70
332,591
333,259
334,72
335,577
336,304
337,630
338,654
339,855
340,307
341,201
342,210
343,922
344,498
345,147
346,172
347,437
348,358
349,302
350,54
351,241
352,443
353,648
354,328
355,202
356,171
357,586
358,475
359,607
360,274
361,352
362,345
363,827
364,426
365,781
366,1177
367,1149
368,586
369,912
370,643
371,192
372,289
373,334
374,289
375,462
376,201
377,1025
378,166
379,602
380,522
381,1174
382,775
383,115
384,528
385,556
386,611
387,1003
388,1051
389,353
390,391
391,487
392,219
393,472
394,449
395,428
396,317
397,167
398,293
399,398
400,406
401,640
402,384
403,909
404,324
405,330
406,136
407,638
408,184
409,869
410,672
411,535
412,422
413,344
414,206
415,269
416,377
417,230
418,320
419,552
420,170
421,470
422,909
423,410
424,662
425,1695
426,1090
427,892
428,506
429,1009
430,1877
431,620
432,482
433,1066
434,1993
435,1051
436,393
437,1173
438,806
439,1034
440,501
441,840
442,815
443,241
444,1073
445,887
446,1131
447,642
448,872
449,528
450,824
451,1331
452,1188
453,1158
454,857
455,854
456,649
457,406
458,997
459,742
460,594
461,343
462,494
463,732
464,195
465,391
466,353
467,1227
468,393
469,861
470,373
471,767
472,422
473,1071
474,143
475,585
476,996
477,468
478,285
479,505
480,312
481,446
482,819
483,310
484,642
485,996
486,727
487,689
488,310
489,580
490,940
491,1043
492,503
493,660
494,1067
495,498
496,289
497,833
498,434
499,601
500,598
501,634
502,630
503,39
504,939
505,433
506,781
507,505
508,894
509,510
510,947
511,1138
512,699
513,489
514,237
515,880
516,473
517,836
518,803
519,706
520,575
521,763
522,536
523,839
524,254
525,522
526,379
527,675
528,328
529,968
530,258
531,564
532,366
533,461
534,111
535,367
536,640
537,367
538,147
539,470
540,310
541,206
542,373
543,381
544,254
545,1361
546,1023
547,310
548,321
549,594
550,1017
551,811
552,507
553,933
554,1899
555,865
556,367
557,1032
558,623
559,933
560,337
561,1075
562,384
563,346
564,353
565,587
566,376
567,202
568,442
569,249
570,307
571,334
572,904
573,229
574,122
575,168
576,191
577,127
578,373
579,386
580,256
581,69
582,185
583,322
584,75
585,326
586,197
587,521
588,206
589,523
590,136
591,355
592,194
593,631
594,145
595,526
596,664
597,149
598,379
599,508
600,339
601,427
602,719
603,388
604,313
605,998
606,380
607,354
608,288
609,808
610,667
611,601
612,325
613,496
614,564
615,343
616,282
617,426
618,221
619,330
620,201
621,312
622,200
623,111
624,343
625,297
626,307
627,203
628,214
629,196
630,243
631,421
632,324
633,167
634,113
635,417
636,263
637,147
638,584
639,593
640,337
641,85
642,568
643,446
644,155
645,318
646,137
647,592
648,249
649,592
650,212
651,428
652,262
653,593
654,184
655,236
656,353
657,134
658,106
659,154
660,114
661,317
662,362
663,110
664,317
665,846
666,729
667,323
668,153
669,971
670,629
671,1007
672,469
673,836
674,976
675,795
676,325
677,669
678,395
679,366
680,289
681,330
682,182
683,77
684,388
685,150
686,174
687,158
688,546
689,681
690,311
691,749
692,855
693,614
694,210
695,502
696,1344
697,329
698,786
699,590
700,271
701,135
702,229
703,363
704,121
705,284
706,185
707,375
708,135
709,554
710,189
711,409
712,174
713,308
714,109
715,473
716,398
717,177
718,234
719,288
720,123
721,404
722,726
723,282
724,248
725,2757
726,1218
727,1066
728,239
729,566
730,1164
731,1054
732,846
733,1334
734,1863
735,859
736,1214
737,1045
738,1387
739,1175
740,433
741,760
742,641
743,351
744,408
745,226
746,417
747,156
748,380
749,314
750,409
751,368
752,1488
753,576
754,299
755,765
756,536
757,799
758,1130
759,1105
760,486
761,391
762,440
763,785
764,380
765,419
766,541
767,564
768,988
769,574
770,264
771,334
772,571
773,719
774,415
775,700
776,691
777,433
778,305
779,817
780,221
781,411
782,583
783,531
784,562
785,3783
786,2214
787,775
788,315
789,736
790,1366
791,1669
792,1065
793,1467
794,3542
795,764
796,890
797,1567
798,1144
799,1118
800,241
801,1166
802,564
803,317
804,306
805,206
806,343
807,161
808,310
809,242
810,315
811,269
812,3222
813,304
814,171
815,257
816,524
817,334
818,962
819,931
820,579
821,562
822,473
823,1741
824,518
825,745
826,607
827,1432
828,1013
829,948
830,487
831,683
832,572
833,1338
834,354
835,701
836,1245
837,389
838,516
839,602
840,204
841,508
842,658
843,655
844,473
845,2087
846,1028
847,563
848,305
849,967
850,1036
851,940
852,934
853,947
854,1357
855,546
856,393
857,678
858,416
859,441
860,329
861,467
862,198
863,186
864,356
865,302
866,369
867,458
868,316
869,379
870,389
871,327
872,582
873,288
874,261
875,460
876,854
877,210
878,676
879,887
880,547
881,80
882,335
883,369
884,143
885,182
886,196
887,409
888,167
889,590
890,122
891,318
892,240
893,356
894,190
895,305
896,428
897,205
898,43
899,214
900,171
901,214
902,433
903,221
904,352
905,1289
906,1016
907,269
908,190
909,719
910,571
911,1384
912,612
913,880
914,1566
915,423
916,792
917,798
918,399
919,504
920,388
921,425
922,229
923,136
924,243
925,219
926,242
927,94
928,342
929,247
930,357
931,523
932,824
933,863
934,156
935,524
936,456
937,426
938,967
939,848
940,394
941,171
942,395
943,540
944,115
945,192
946,283
947,370
948,202
949,301
950,165
951,291
952,302
953,555
954,352
955,422
956,818
957,203
958,173
959,258
960,269
961,1522
962,4895
963,1084
964,1698
965,1081
966,4253
967,872
968,199
969,549
970,519
971,682
972,564
973,721
974,1377
975,389
976,788
977,472
978,272
979,846
980,379
981,435
982,402
983,166
984,919
985,425
986,831
987,124
988,539
989,319
990,769
991,835
992,1862
993,114
994,111
995,919
996,1188
997,523
998,4118
999,1620
1000,1036
1001,648
1002,1631
1003,1515
1004,440
1005,417
1006,259
1007,627
1008,351
1009,413
1010,205
1011,629
1012,687
1013,541
1014,53
1015,305
1016,713
1017,441
1018,385
1019,431
1020,378
1021,463
1022,538
1023,802
1024,409
1025,1857
1026,989
1027,424
1028,239
1029,330
1030,458
1031,482
1032,457
1033,503
1034,585
1035,128
1036,292
1037,347
1038,182
1039,432
1040,272
1041,726
1042,437
1043,133
1044,232
1045,316
1046,238
1047,727
1048,697
1049,406
1050,290
1051,307
1052,1623
1053,272
1054,78
1055,396
1056,342
1057,158
1058,961
1059,309
1060,211
1061,179
1062,424
1063,267
1064,70
1065,142
1066,77
1067,381
1068,347
1069,319
1070,403
1071,463
1072,312
1073,380
1074,81
1075,172
1076,300
1077,110
1078,106
1079,161
1080,192
1081,92
1082,177
1083,169
1084,147
1085,308
1086,437
1087,188
1088,78
1089,404
1090,246
1091,435
1092,336
1093,400
1094,605
1095,295
1096,162
1097,405
1098,193
1099,325
1100,115
1123,349
1124,132
1125,27
1126,200
1127,318
1128,398
1129,144
1130,157
1131,434
1132,204
1133,564
1134,281
1135,188
1136,233
1137,531
1138,483
1139,217
1140,501
1141,183
1142,194
1143,63
1144,115
1145,200
1146,172
1147,71
1148,159
1149,367
1150,146
1151,358
1152,112
1153,500
1154,334
1155,415
1156,122
1157,567
1158,1103
1159,369
1160,457
1161,129
1162,147
1163,316
1164,548
1165,364
1166,305
1167,1154
1168,859
1169,280
1170,159
1171,755
1172,1037
1173,996
1174,630
1175,1191
1176,1697
1177,741
1178,957
1179,1059
1180,1253
1181,972
1182,338
1183,1055
1184,396
1185,122
1186,528
1187,428
1188,427
1189,91
1190,420
1191,241
1192,369
1193,406
1194,429
1195,469
1196,175
1197,303
1198,543
1199,230
1200,587
1201,432
1202,391
1203,44
1204,321
1205,463
1206,170
1207,169
1208,174
1209,510
1210,391
1211,395
1212,257
1213,451
1214,453
1215,866
1216,252
1217,921
1218,1495
1219,379
1220,366
1221,413
1222,283
1223,621
1224,580
1225,303
1226,250
1227,2511
1228,391
1229,199
1230,244
1231,443
1232,226
1233,308
1234,560
1235,873
1236,850
1237,916
1238,866
1239,771
1240,537
1241,653
1242,293
1243,709
1244,312
1245,469
1246,899
1247,388
1248,426
1249,425
1250,274
1251,165
1252,674
1253,498
1254,490
1255,119
1256,361
1257,81
1258,253
1259,193
1260,204
1261,401
1262,237
1263,89
1264,192
1265,196
1266,59
1267,166
1268,208
1269,139
1270,196
1271,277
1272,112
1273,172
1274,364
1275,215
1276,55
1277,259
1278,519
1279,479
1280,98
1281,170
1282,128
1283,274
1284,310
1285,243
1286,184
1287,1371
1288,446
1289,386
1290,223
1291,247
1292,358
1293,816
1294,600
1295,574
1296,840
1297,484
1298,333
1299,654
1300,494
1301,421
1302,95
1303,392
1304,322
1305,156
1306,227
1307,179
1308,228
1309,237
1310,294
1311,197
1312,519
1313,218
1314,528
1315,439
1316,124
1317,146
1318,364
1319,107
1320,263
1321,371
1322,203
1323,44
1324,124
1325,236
1326,144
1327,81
1328,124
1329,345
1330,342
1331,341
1332,122
1333,162
1334,224
1335,599
1336,297
1337,499
1338,639
1339,110
1340,275
1341,173
1342,203
1343,252
1344,310
1345,262
1346,507
1347,371
1348,211
1349,685
1350,235
1351,656
1352,244
1353,302
1354,193
1355,233
1356,234
1357,470
1358,243
1359,301
1360,244
1361,483
1362,293
1363,427
1364,296
1365,363
1366,486
1367,316
1368,547
1369,340
1370,310
1371,390
1372,327
1373,1590
1374,345
1375,636
1376,446
1377,617
1378,461
1379,726
1380,470
1381,320
1382,496
1383,582
1384,361
1385,277
1386,501
1387,323
1388,508
1389,332
1390,302
1391,243
1392,213
1393,243
1394,225
1395,549
1396,219
1397,337
1398,275
1399,243
1400,257
1401,248
1402,235
1403,233
1404,337
1405,313
1406,433
1407,1182
1408,682
1409,286
1410,231
1411,249
1412,404
1413,466
1414,491
1415,580
1416,644
1417,1096
1418,766
1419,872
1420,692
1421,736
1422,390
1423,975
1424,561
1425,378
1426,441
1427,327
1428,234
1429,202
1430,238
1431,224
1432,1026
1433,488
1434,377
1435,660
1436,860
1437,1000
1438,754
1439,678
1440,1031
1441,1155
1442,457
1443,1167
1444,1044
1445,781
1446,642
1447,548
1448,626
1449,725
1450,507
1451,501
1452,321
1453,215
1454,347
1455,442
1456,181
1457,469
1458,505
1459,482
1460,283
1461,981
1462,303
1463,457
1464,316
1465,644
1466,940
1467,700
1468,369
1469,402
1470,236
1471,279
1472,312
1473,281
1474,312
1475,591
1476,290
1477,373
1478,721
1479,363
1480,511
1481,522
1482,375
1483,634
1484,231
1485,581
1486,384
1487,580
1488,512
1489,415
1490,413
1491,213
1492,256
1493,331
1494,250
1495,286
1496,620
1497,367
1498,239
1499,686
1500,339
1501,323
1502,252
1503,249
1504,288
1505,294
1506,345
1507,525
1508,670
1509,231
1510,258
1511,266
1512,228
1513,222
1514,244
1515,321
1516,208
1517,407
1518,235
1519,321
1520,239
1521,201
1522,267
1523,306
1524,314
1525,359
1526,391
1527,362
1528,314
1529,508
1530,290
1531,311
1532,321
1533,306
1534,419
1535,319
1536,282
1537,231
1538,293
1539,256
1540,325
1541,332
1542,277
1543,261
1544,209
1545,536
1546,717
1547,674
1548,438
1549,341
1550,319
1551,810
1552,442
1553,462
1554,602
1555,476
1556,552
1557,443
1558,522
1559,550
1560,244
1561,342
1562,237
1563,201
1564,416
1565,236
1566,331
1567,555
1568,518
1569,466
1570,228
1571,288
1572,303
1573,319
1574,301
1575,498
1576,502
1577,410
1578,419
1579,306
1580,285
1581,250
1582,318
1583,586
1584,490
1585,227
1586,382
1587,496
1588,179
1589,345
1590,265
1591,344
1592,347
1593,326
1594,294
1595,359
1596,388
1597,505
1598,525
1599,312
1600,334
1601,347
1602,335
1603,473
1604,272
1605,464
1606,366
1607,243
1608,407
1609,258
1610,224
1611,466
1612,344
1613,479
1614,334
1615,281
1616,510
1617,543
1618,499
1619,612
1620,929
1621,463
1622,338
1623,312
1624,323
1625,368
1626,462
1627,386
1628,470
1629,254
1630,415
1631,307
1632,200
1633,526
1634,398
1635,628
1636,307
1637,382
1638,324
1639,664
1640,355
1641,563
1642,630
1643,418
1644,448
1645,567
1646,370
1647,399
1648,393
1649,323
1650,306
1651,273
1652,274
1653,351
1654,333
1655,380
1656,387
1657,413
1658,520
1659,224
1660,235
1661,592
1662,283
1663,609
1664,446
1665,469
1666,331
1667,417
1668,372
1669,247
1670,251
1671,310
1672,220
1673,231
1674,478
1675,415
1676,408
1677,846
1678,424
1679,882
1680,562
1681,654
1682,341
1683,399
1684,299
1685,763
1686,682
1687,487
1688,490
1689,454
1690,271
1691,458
1692,229
1693,333
1694,517
1695,468
1696,408
1697,267
1698,226
1699,569
1700,504
1701,588
1702,356
1703,298
1704,277
1705,839
1706,489
1707,651
1708,645
1709,818
1710,288
1711,449
1712,450
1713,275
1714,316
1715,348
1716,243
1717,308
1718,299
1719,547
1720,218
1721,451
1722,481
1723,967
1724,644
1725,427
1726,403
1727,616
1728,444
1729,877
1730,619
1731,314
1732,271
1733,305
1734,229
1735,397
1736,397
1737,392
1738,376
1739,543
1740,261
1741,342
1742,424
1743,401
1744,367
1745,508
1746,423
1747,414
1748,448
1749,541
1750,302
1751,643
1752,529
1753,306
1754,278
1755,408
1756,271
1757,363
1758,246
1759,303
1760,432
1761,285
1762,209
1763,235
1764,536
1765,273
1766,577
1767,903
1768,491
1769,550
1770,281
1771,528
1772,1269
1773,341
1774,279
1775,522
1776,734
1777,562
1778,286
1779,676
1780,449
1781,497
1782,451
1783,820
1784,784
1785,340
1786,669
1787,629
1788,718
1789,463
1790,568
1791,353
1792,430
1793,997
1794,564
1795,814
1796,692
1797,714
1798,398
1799,359
1800,777
1801,531
1802,410
1803,237
1804,485
1805,486
1806,426
1807,340
1808,517
1809,564
1810,291
1811,522
1812,308
1813,475
1814,255
1815,917
1816,227
1817,493
1818,634
1819,590
1820,406
1821,299
1822,226
1823,361
1824,434
1825,289
1826,629
1827,627
1828,480
1829,292
1830,180
1831,296
1832,569
1833,508
1834,256
1835,411
1836,471
1837,244
1838,232
1839,533
1840,275
1841,307
1842,436
1843,576
1844,471
1845,335
1846,632
1847,279
1848,503
1849,419
1850,547
1851,290
1852,510
1853,735
1854,340
1855,328
1856,415
1857,709
1858,563
1859,688
1860,632
1861,518
1862,354
1863,508
1864,462
1865,479
1866,553
1867,350
1868,427
1869,333
1870,211
1871,373
1872,222
1873,313
1874,218
1875,395
1876,218
1877,249
1878,269
1879,322
1880,203
1881,330
1882,257
1883,250
1884,247
1885,379
1886,422
1887,666
1888,520
1889,366
1890,177
1891,286
1892,473
1893,379
1894,259
1895,409
1896,607
1897,436
1898,230
1899,532
1900,327
1901,484
1902,364
1903,680
1904,297
1905,356
1906,406
1907,523
1908,278
1909,252
1910,264
1911,238
1912,243
1913,352
1914,377
1915,223
1916,455
1917,245
1918,362
1919,377
1920,321
1921,371
1922,200
1923,205
1924,267
1925,270
1926,485
1927,417
1928,535
1929,325
1930,224
1931,207
1932,190
1933,203
1934,199
1935,376
1936,203
1937,374
1938,356
1939,234
1940,430
1941,308
1942,289
1943,362
1944,435
1945,416
1946,310
1947,713
1948,257
1949,344
1950,308
1951,642
1952,360
1953,317
1954,251
1955,324
1956,269
1957,289
1958,227
1959,391
1960,204
1961,218
1962,283
1963,435
1964,247
1965,413
1966,298
1967,401
1968,278
1969,388
1970,213
1971,258
1972,207
1973,432
1974,241
1975,282
1976,400
1977,355
1978,228
1979,307
1980,436
1981,441
1982,346
1983,197
1984,406
1985,287
1986,620
1987,401
1988,323
1989,361
1990,452
1991,380
1992,219
1993,282
1994,266
1995,455
1996,314
1997,237
1998,224
1999,240
2000,275
2001,246
2002,277
2003,333
2004,300
2005,239
2006,481
2007,543
2008,339
2009,302
2010,217
2011,468
2012,388
2013,583
2014,318
2015,418
2016,370
2017,572
2018,246
2019,337
2020,280
2021,263
2022,444
2023,404
2024,253
2025,336
2026,504
2027,272
2028,232
2029,249
2030,399
2031,495
2032,255
2033,588
2034,483
2035,507
2036,551
2037,540
2038,852
2039,401
2040,472
2041,349
2042,247
2043,274
2044,428
2045,271
2046,482
2047,307
2048,568
2049,270
2050,200
2051,302
2052,206
2053,273
2054,219
2055,353
2056,230
2057,401
2058,217
2059,266
2060,291
2061,252
2062,218
2063,332
2064,388
2065,227
2066,429
2067,1168
2068,520
2069,590
2070,220
2071,289
2072,629
2073,451
2074,416
2075,582
2076,646
2077,376
2078,681
2079,648
2080,629
2081,589
2082,435
2083,582
2084,558
2085,320
2086,337
2087,262
2088,388
2089,183
2090,250
2091,259
2092,204
2093,241
2094,606
2095,316
2096,484
2097,577
2098,336
2099,621
2100,648
2101,693
2102,299
2103,293
2104,388
2105,433
2106,415
2107,370
2108,466
2109,304
2110,436
2111,242
2112,215
2113,232
2114,265
2115,446
2116,275
2117,445
2118,380
2119,307
2120,214
2121,431
2122,247
2123,289
2124,380
2125,366
2126,413
2127,1207
2128,816
2129,355
2130,256
2131,442
2132,698
2133,578
2134,485
2135,594
2136,753
2137,322
2138,419
2139,695
2140,544
2141,528
2142,294
2143,713
2144,492
2145,331
2146,345
2147,294
2148,262
2149,245
2150,208
2151,197
2152,197
2153,358
2154,1015
2155,202
2156,302
2157,305
2158,401
2159,353
2160,602
2161,647
2162,385
2163,484
2164,464
2165,1244
2166,664
2167,716
2168,582
2169,711
2170,568
2171,508
2172,310
2173,372
2174,506
2175,761
2176,244
2177,322
2178,543
2179,301
2180,262
2181,292
2182,245
2183,250
2184,380
2185,508
2186,531
2187,948
2188,479
2189,389
2190,269
2191,587
2192,534
2193,476
2194,446
2195,402
2196,485
2197,400
2198,258
2199,374
2200,309
2201,235
2202,468
2203,421
2204,229
2205,352
2206,371
2207,361
2208,262
2209,469
2210,324
2211,323
2212,249
2213,316
2214,383
2215,329
2216,498
2217,305
2218,558
2219,368
2220,352
2221,470
2222,309
2223,234
2224,264
2225,198
2226,602
2227,316
2228,488
2229,251
2230,227
2231,286
2232,213
2233,248
2234,198
2235,265
2236,212
2237,259
2238,214
2239,196
2240,200
2241,203
2242,173
2243,198
2244,282
2245,259
2246,367
2247,595
2248,473
2249,264
2250,213
2251,416
2252,334
2253,588
2254,339
2255,404
2256,446
2257,317
2258,375
2259,511
2260,249
2261,230
2262,413
2263,327
2264,257
2265,348
2266,391
2267,451
2268,264
2269,242
2270,329
2271,255
2272,204
2273,432
2274,389
2275,463
2276,439
2277,432
2278,364
2279,412
2280,562
2281,539
2282,259
2283,237
2284,319
2285,342
2286,428
2287,269
2288,471
2289,256
2290,209
2291,184
2292,213
2293,219
2294,212
2295,359
2296,195
2297,448
2298,279
2299,212
2300,268
2301,202
2302,206
2303,691
2304,1825
2305,505
2306,967
2307,570
2308,1572
2309,454
2310,173
2311,312
2312,322
2313,298
2314,273
2315,292
2316,521
2317,237
2318,541
2319,315
2320,225
2321,340
2322,373
2323,398
2324,422
2325,404
2326,600
2327,262
2328,545
2329,193
2330,274
2331,200
2332,322
2333,546
2334,647
2335,172
2336,404
2337,529
2338,625
2339,382
2340,2095
2341,841
2342,481
2343,342
2344,720
2345,677
2346,346
2347,323
2348,679
2349,314
2350,214
2351,220
2352,195
2353,296
2354,313
2355,429
2356,180
2357,208
2358,368
2359,303
2360,268
2361,282
2362,198
2363,278
2364,301
2365,546
2366,494
2367,763
2368,411
2369,366
2370,220
2371,230
2372,276
2373,226
2374,261
2375,211
2376,255
2377,186
2378,225
2379,246
2380,207
2381,327
2382,355
2383,603
2384,354
2385,403
2386,385
2387,469
2388,255
2389,640
2390,427
2391,362
2392,207
2393,388
2394,594
2395,395
2396,433
2397,435
2398,298
2399,405
2400,530
2401,336
2402,212
2403,344
2404,372
2405,290
2406,432
2407,331
2408,453
2409,395
2410,231
2411,293
2412,312
2413,341
2414,225
2415,495
2416,263
2417,204
2418,196
2419,219
2420,216
2421,192
2422,200
2423,188
2424,208
2425,259
2426,345
2427,396
2428,249
2429,232
2430,192
2431,343
2432,202
2433,304
2434,253
2435,300
2436,293
2437,194
2438,209
2439,230
2440,204
2441,195
2442,292
2465,355
2466,351
2467,347
2468,306
2469,388
2470,345
2471,256
2472,267
2473,344
2474,241
2475,461
2476,222
2477,250
2478,476
2479,562
2480,494
2481,662
2482,308
2483,250
2484,328
2485,310
2486,262
2487,250
2488,708
2489,335
2490,493
2491,313
2492,223
2493,244
2494,207
2495,286
2496,251
2497,380
2498,230
2499,319
2500,480
2501,301
2502,293
2503,250
2504,210
2505,208
2506,341
2507,226
2508,424
2509,613
2510,485
2511,288
2512,169
2513,396
2514,501
2515,418
2516,325
2517,498
2518,554
2519,425
2520,624
2521,563
2522,619
2523,427
2524,320
2525,638
2526,419
2527,312
2528,455
2529,359
2530,390
2531,195
2532,273
2533,188
2534,202
2535,388
2536,239
2537,281
2538,376
2539,335
2540,404
2541,440
2542,431
2543,318
2544,262
2545,218
2546,265
2547,231
2548,338
2549,320
2550,477
2551,285
2552,221
2553,220
2554,277
2555,234
2556,203
2557,553
2558,235
2559,480
2560,578
2561,292
2562,260
2563,272
2564,197
2565,343
2566,332
2567,265
2568,317
2569,1209
2570,251
2571,327
2572,285
2573,278
2574,251
2575,196
2576,318
2577,444
2578,426
2579,457
2580,438
2581,378
2582,289
2583,279
2584,415
2585,563
2586,260
2587,584
2588,566
2589,366
2590,320
2591,313
2592,327
2593,207
2594,373
2595,318
2596,307
2597,200
2598,636
2599,338
2600,326
2601,776
2602,275
2603,344
2604,220
2605,319
2606,248
2607,313
2608,487
2609,440
2610,702
2611,296
2612,292
2613,287
2614,205
2615,224
2616,323
2617,338
2618,196
2619,204
2620,296
2621,333
2622,226
2623,276
2624,207
2625,221
2626,216
2627,578
2628,299
2629,588
2630,276
2631,260
2632,204
2633,189
2634,212
2635,362
2636,253
2637,240
2638,353
2639,259
2640,222
2641,366
2642,264
2643,214
2644,293
2645,292
2646,265
2647,335
2648,383
2649,329
2650,242
2651,338
2652,205
2653,237
2654,300
2655,245
2656,235
2657,463
2658,497
2659,325
2660,496
2661,413
2662,301
2663,341
2664,309
2665,214
2666,291
2667,228
2668,425
2669,267
2670,407
2671,312
2672,221
2673,261
2674,178
2675,198
2676,192
2677,332
2678,225
2679,263
2680,264
2681,200
2682,211
2683,239
2684,206
2685,460
2686,521
2687,365
2688,435
2689,393
2690,261
2691,861
2692,357
2693,1062
2694,318
2695,509
2696,260
2697,356
2698,274
2699,590
2700,411
2701,798
2702,298
2703,668
2704,384
2705,607
2706,519
2707,384
2708,645
2709,378
2710,679
2711,507
2712,515
2713,554
2714,521
2715,3499
2716,504
2717,793
2718,603
2719,864
2720,628
2721,909
2722,685
2723,450
2724,710
2725,969
2726,419
2727,408
2728,642
2729,304
2730,413
2731,332
2732,319
2733,317
2734,237
2735,366
2736,385
2737,695
2738,255
2739,334
2740,351
2741,371
2742,275
2743,325
2744,303
2745,304
2746,612
2747,444
2748,695
2749,1225
2750,996
2751,610
2752,298
2753,435
2754,894
2755,692
2756,631
2757,861
2758,772
2759,2162
2760,1268
2761,1211
2762,1396
2763,990
2764,548
2765,1655
2766,789
2767,556
2768,674
2769,451
2770,357
2771,370
2772,394
2773,306
2774,1023
2775,670
2776,512
2777,718
2778,844
2779,1014
2780,784
2781,815
2782,1290
2783,1198
2784,555
2785,1074
2786,1031
2787,936
2788,591
2789,618
2790,682
2791,938
2792,685
2793,640
2794,506
2795,353
2796,452
2797,541
2798,248
2799,568
2800,818
2801,867
2802,412
2803,1958
2804,404
2805,641
2806,505
2807,937
2808,1224
2809,957
2810,651
2811,662
2812,364
2813,482
2814,625
2815,432
2816,510
2817,860
2818,509
2819,630
2820,1107
2821,592
2822,927
2823,1037
2824,532
2825,1048
2826,329
2827,809
2828,477
2829,679
2830,719
2831,646
2832,513
2833,391
2834,341
2835,486
2836,346
2837,388
2838,704
2839,370
2840,239
2841,381
2842,568
2843,478
2844,332
2845,303
2846,301
2847,426
2848,305
2849,555
2850,1397
2851,253
2852,413
2853,416
2854,303
2855,302
2856,231
2857,283
2858,289
2859,437
2860,307
2861,468
2862,282
2863,335
2864,378
2865,427
2866,487
2867,567
2868,397
2869,645
2870,513
2871,714
2872,705
2873,427
2874,601
2875,485
2876,694
2877,579
2878,451
2879,409
2880,512
2881,373
2882,600
2883,601
2884,357
2885,412
2886,293
2887,645
2888,989
2889,1164
2890,537
2891,630
2892,506
2893,1316
2894,879
2895,718
2896,1226
2897,850
2898,756
2899,750
2900,725
2901,425
2902,450
2903,465
2904,382
2905,200
2906,557
2907,279
2908,334
2909,479
2910,425
2911,551
2912,330
2913,610
2914,396
2915,436
2916,383
2917,513
2918,627
2919,611
2920,540
2921,434
2922,444
2923,259
2924,406
2925,778
2926,758
2927,331
2928,494
2929,693
2930,325
2931,511
2932,393
2933,484
2934,713
2935,541
2936,526
2937,513
2938,547
2939,574
2940,820
2941,485
2942,571
2943,562
2944,568
2945,656
2946,418
2947,432
2948,403
2949,303
2950,486
2951,359
2952,304
2953,587
2954,410
2955,642
2956,452
2957,495
2958,472
2959,603
2960,627
2961,724
2962,1291
2963,634
2964,527
2965,402
2966,425
2967,511
2968,506
2969,345
2970,503
2971,263
2972,550
2973,403
2974,257
2975,584
2976,459
2977,824
2978,398
2979,650
2980,391
2981,811
2982,395
2983,686
2984,729
2985,608
2986,790
2987,790
2988,416
2989,608
2990,508
2991,602
2992,406
2993,436
2994,371
2995,520
2996,524
2997,662
2998,550
2999,578
3000,836
3001,368
3002,418
3003,871
3004,391
3005,937
3006,770
3007,509
3008,328
3009,480
3010,381
3011,275
3012,327
3013,466
3014,244
3015,290
3016,740
3017,653
3018,325
3019,1347
3020,498
3021,1206
3022,811
3023,1167
3024,431
3025,443
3026,408
3027,1251
3028,831
3029,457
3030,473
3031,497
3032,413
3033,660
3034,278
3035,446
3036,867
3037,1092
3038,471
3039,367
3040,624
3041,811
3042,681
3043,874
3044,497
3045,639
3046,465
3047,1115
3048,595
3049,996
3050,1197
3051,1148
3052,597
3053,840
3054,802
3055,364
3056,470
3057,545
3058,332
3059,523
3060,411
3061,1419
3062,410
3063,860
3064,683
3065,1766
3066,1047
3067,560
3068,505
3069,770
3070,494
3071,1594
3072,1033
3073,527
3074,432
3075,494
3076,315
3077,699
3078,491
3079,547
3080,512
3081,575
3082,426
3083,492
3084,533
3085,553
3086,431
3087,928
3088,423
3089,566
3090,510
3091,766
3092,333
3093,949
3094,731
3095,583
3096,395
3097,604
3098,342
3099,493
3100,349
3101,355
3102,662
3103,341
3104,311
3105,364
3106,823
3107,371
3108,824
3109,1023
3110,701
3111,764
3112,500
3113,761
3114,1414
3115,473
3116,437
3117,754
3118,946
3119,709
3120,433
3121,1112
3122,719
3123,623
3124,511
3125,1174
3126,1134
3127,396
3128,759
3129,798
3130,931
3131,838
3132,784
3133,701
3134,528
3135,1349
3136,682
3137,1269
3138,1120
3139,1139
3140,514
3141,504
3142,1030
3143,708
3144,489
3145,345
3146,724
3147,708
3148,363
3149,371
3150,464
3151,704
3152,548
3153,846
3154,402
3155,704
3156,386
3157,1005
3158,386
3159,740
3160,879
3161,826
3162,510
3163,455
3164,338
3165,553
3166,862
3167,361
3168,971
3169,746
3170,685
3171,543
3172,297
3173,458
3174,984
3175,663
3176,423
3177,583
3178,607
3179,499
3180,455
3181,938
3182,448
3183,430
3184,521
3185,756
3186,743
3187,301
3188,640
3189,407
3190,546
3191,597
3192,715
3193,520
3194,752
3195,1221
3196,528
3197,521
3198,477
3199,958
3200,945
3201,910
3202,804
3203,720
3204,511
3205,800
3206,640
3207,720
3208,705
3209,407
3210,471
3211,486
3212,354
3213,537
3214,351
3215,582
3216,356
3217,483
3218,272
3219,379
3220,433
3221,466
3222,254
3223,502
3224,329
3225,281
3226,372
3227,510
3228,461
3229,813
3230,712
3231,467
3232,286
3233,453
3234,928
3235,668
3236,368
3237,486
3238,701
3239,633
3240,429
3241,856
3242,597
3243,810
3244,521
3245,1001
3246,442
3247,482
3248,448
3249,556
3250,382
3251,352
3252,402
3253,323
3254,455
3255,442
3256,412
3257,287
3258,341
3259,345
3260,327
3261,419
3262,446
3263,436
3264,323
3265,332
3266,256
3267,353
3268,308
3269,388
3270,511
3271,389
3272,317
3273,320
3274,259
3275,356
3276,218
3277,454
3278,222
3279,491
3280,423
3281,301
3282,435
3283,415
3284,447
3285,464
3286,690
3287,567
3288,491
3289,1077
3290,370
3291,449
3292,415
3293,875
3294,728
3295,527
3296,378
3297,543
3298,417
3299,393
3300,374
3301,638
3302,301
3303,315
3304,350
3305,699
3306,334
3307,448
3308,514
3309,557
3310,321
3311,474
3312,291
3313,355
3314,300
3315,604
3316,355
3317,404
3318,350
3319,492
3320,280
3321,291
3322,629
3323,616
3324,532
3325,210
3326,608
3327,442
3328,870
3329,476
3330,336
3331,535
3332,526
3333,504
3334,266
3335,407
3336,297
3337,608
3338,368
3339,325
3340,316
3341,288
3342,271
3343,361
3344,265
3345,447
3346,507
3347,274
3348,730
3349,660
3350,584
3351,527
3352,506
3353,938
3354,786
3355,982
3356,440
3357,720
3358,542
3359,1099
3360,399
3361,709
3362,505
3363,382
3364,1033
3365,596
3366,305
3367,280
3368,602
3369,296
3370,275
3371,363
3372,429
3373,546
3374,296
3375,872
3376,695
3377,550
3378,536
3379,518
3380,763
3381,443
3382,699
3383,463
3384,330
3385,322
3386,366
3387,384
3388,407
3389,383
3390,705
3391,401
3392,260
3393,412
3394,263
3395,435
3396,258
3397,451
3398,311
3399,519
3400,301
3401,449
3402,398
3403,366
3404,237
3405,535
3406,530
3407,268
3408,508
3409,1227
3410,832
3411,719
3412,287
3413,525
3414,1274
3415,682
3416,483
3417,740
3418,784
3419,542
3420,1082
3421,930
3422,1202
3423,743
3424,749
3425,811
3426,727
3427,445
3428,407
3429,271
3430,513
3431,306
3432,376
3433,369
3434,347
3435,412
3436,698
3437,492
3438,490
3439,893
3440,401
3441,959
3442,844
3443,874
3444,465
3445,447
3446,485
3447,632
3448,478
3449,446
3450,564
3451,411
3452,611
3453,339
3454,373
3455,303
3456,352
3457,500
3458,372
3459,561
3460,468
3461,469
3462,305
3463,728
3464,290
3465,396
3466,584
3467,459
3468,595
3469,1218
3470,1440
3471,691
3472,355
3473,656
3474,1302
3475,747
3476,694
3477,891
3478,799
3479,538
3480,729
3481,1159
3482,787
3483,694
3484,340
3485,946
3486,664
3487,347
3488,386
3489,297
3490,377
3491,420
3492,307
3493,266
3494,283
3495,427
3496,975
3497,332
3498,346
3499,388
3500,459
3501,386
3502,823
3503,875
3504,615
3505,601
3506,629
3507,2521
3508,772
3509,1003
3510,660
3511,850
3512,795
3513,763
3514,548
3515,720
3516,765
3517,956
3518,321
3519,393
3520,812
3521,554
3522,366
3523,455
3524,299
3525,375
3526,630
3527,634
3528,663
3529,1578
3530,645
3531,687
3532,356
3533,916
3534,1128
3535,725
3536,772
3537,605
3538,705
3539,558
3540,423
3541,556
3542,524
3543,379
3544,685
3545,514
3546,362
3547,377
3548,474
3549,475
3550,378
3551,788
3552,384
3553,460
3554,345
3555,431
3556,591
3557,436
3558,567
3559,476
3560,819
3561,374
3562,503
3563,616
3564,518
3565,227
3566,303
3567,295
3568,1152
3569,411
3570,530
3571,295
3572,270
3573,439
3574,245
3575,438
3576,249
3577,316
3578,250
3579,340
3580,293
3581,262
3582,220
3583,260
3584,218
3585,252
3586,398
3587,307
3588,449
3589,638
3590,637
3591,332
3592,257
3593,608
3594,746
3595,1030
3596,449
3597,599
3598,640
3599,482
3600,641
3601,780
3602,449
3603,449
3604,635
3605,512
3606,360
3607,440
3608,456
3609,592
3610,278
3611,257
3612,372
3613,326
3614,272
3615,580
3616,448
3617,868
3618,324
3619,602
3620,397
3621,470
3622,665
3623,748
3624,406
3625,278
3626,421
3627,510
3628,394
3629,273
3630,471
3631,316
3632,338
3633,350
3634,289
3635,494
3636,252
3637,476
3638,234
3639,851
3640,379
3641,289
3642,287
3643,354
3644,264
3645,1085
3646,5005
3647,735
3648,1527
3649,780
3650,3512
3651,698
3652,289
3653,496
3654,703
3655,485
3656,438
3657,466
3658,604
3659,332
3660,973
3661,626
3662,401
3663,552
3664,534
3665,522
3666,551
3667,385
3668,697
3669,357
3670,575
3671,216
3672,449
3673,418
3674,462
3675,656
3676,993
3677,309
3678,375
3679,698
3680,599
3681,550
3682,5164
3683,1241
3684,999
3685,405
3686,1025
3687,1045
3688,364
3689,342
3690,821
3691,405
3692,363
3693,307
3694,263
3695,476
3696,387
3697,551
3698,257
3699,315
3700,459
3701,402
3702,445
3703,368
3704,331
3705,429
3706,459
3707,526
3708,686
3709,1067
3710,574
3711,472
3712,329
3713,357
3714,515
3715,360
3716,365
3717,531
3718,354
3719,269
3720,371
3721,406
3722,363
3723,414
3724,359
3725,604
3726,444
3727,432
3728,480
3729,428
3730,338
3731,673
3732,464
3733,444
3734,332
3735,403
3736,623
3737,496
3738,546
3739,603
3740,355
3741,422
3742,791
3743,405
3744,301
3745,243
3746,396
3747,378
3748,317
3749,331
3750,453
3751,405
3752,360
3753,417
3754,328
3755,407
3756,281
3757,442
3758,308
3759,244
3760,326
3761,259
3762,240
3763,244
3764,255
3765,244
3766,299
3767,346
3768,328
3769,479
3770,387
3771,357
3772,250
3773,484
3774,338
3775,452
3776,394
3777,488
3778,379
3779,291
3780,274
3781,386
3782,370
3783,305
3784,338
3807,464
3808,365
3809,445
3810,350
3811,415
3812,424
3813,301
3814,276
3815,611
3816,272
3817,715
3818,397
3819,430
3820,478
3821,672
3822,622
3823,1068
3824,446
3825,302
3826,376
3827,221
3828,264
3829,366
3830,1172
3831,306
3832,474
3833,343
3834,371
3835,347
3836,231
3837,490
3838,327
3839,438
3840,331
3841,394
3842,526
3843,393
3844,347
3845,390
3846,239
3847,337
3848,478
3849,322
3850,497
3851,640
3852,586
3853,365
3854,268
3855,481
3856,920
3857,643
3858,434
3859,727
3860,635
3861,525
3862,1157
3863,781
3864,861
3865,534
3866,374
3867,785
3868,577
3869,281
3870,655
3871,409
3872,445
3873,249
3874,333
3875,332
3876,298
3877,551
3878,264
3879,391
3880,359
3881,318
3882,463
3883,506
3884,664
3885,340
3886,343
3887,223
3888,297
3889,320
3890,272
3891,249
3892,392
3893,303
3894,299
3895,285
3896,293
3897,419
3898,307
3899,582
3900,323
3901,643
3902,640
3903,755
3904,320
3905,346
3906,269
3907,477
3908,518
3909,400
3910,315
3911,1099
3912,408
3913,344
3914,366
3915,389
3916,354
3917,376
3918,479
3919,629
3920,512
3921,589
3922,600
3923,630
3924,457
3925,513
3926,321
3927,843
3928,367
3929,606
3930,641
3931,449
3932,340
3933,441
3934,359
3935,266
3936,484
3937,451
3938,447
3939,388
3940,460
3941,256
3942,277
3943,815
3944,366
3945,375
3946,366
3947,370
3948,310
3949,363
3950,303
3951,383
3952,654
3953,282
3954,292
3955,403
3956,227
3957,298
3958,573
3959,353
3960,236
3961,262
3962,357
3963,497
3964,241
3965,310
3966,265
3967,343
3968,325
3969,1056
3970,285
3971,617
3972,390
3973,390
3974,355
3975,296
3976,430
3977,609
3978,467
3979,401
3980,433
3981,393
3982,343
3983,705
3984,480
3985,323
3986,339
3987,362
3988,334
3989,323
3990,337
3991,336
3992,315
3993,401
3994,296
3995,291
3996,391
3997,388
3998,328
3999,899
4000,362
4001,264
4002,448
4003,338
4004,357
4005,379
4006,370
4007,204
4008,289
4009,297
4010,372
4011,282
4012,350
4013,379
4014,398
4015,338
4016,233
4017,281
4018,263
4019,374
4020,291
4021,349
4022,345
4023,259
4024,261
4025,344
4026,252
4027,362
4028,524
4029,270
4030,614
4031,386
4032,228
4033,885
4034,377
4035,865
4036,262
4037,440
4038,238
4039,304
4040,272
4041,539
4042,326
4043,473
4044,288
4045,585
4046,484
4047,575
4048,399
4049,300
4050,589
4051,323
4052,573
4053,423
4054,459
4055,588
4056,530
4057,3015
4058,417
4059,674
4060,1163
4061,897
4062,551
4063,966
4064,719
4065,375
4066,585
4067,1361
4068,470
4069,367
4070,432
4071,298
4072,308
4073,346
4074,300
4075,298
4076,227
4077,303
4078,360
4079,650
4080,240
4081,315
4082,344
4083,338
4084,261
4085,306
4086,279
4087,305
4088,664
4089,404
4090,752
4091,930
4092,838
4093,571
4094,288
4095,396
4096,718
4097,629
4098,538
4099,803
4100,837
4101,2162
4102,1043
4103,1164
4104,1326
4105,992
4106,580
4107,1533
4108,748
4109,773
4110,782
4111,444
4112,385
4113,346
4114,426
4115,288
4116,904
4117,655
4118,417
4119,640
4120,867
4121,927
4122,720
4123,659
4124,1105
4125,1143
4126,505
4127,1101
4128,937
4129,760
4130,491
4131,581
4132,930
4133,923
4134,561
4135,656
4136,449
4137,346
4138,402
4139,660
4140,239
4141,619
4142,775
4143,838
4144,430
4145,1703
4146,334
4147,591
4148,523
4149,1063
4150,1281
4151,807
4152,576
4153,698
4154,301
4155,375
4156,531
4157,411
4158,561
4159,777
4160,473
4161,631
4162,962
4163,601
4164,951
4165,936
4166,688
4167,1196
4168,341
4169,875
4170,444
4171,719
4172,804
4173,742
4174,645
4175,414
4176,386
4177,497
4178,345
4179,359
4180,649
4181,368
4182,257
4183,264
4184,512
4185,498
4186,353
4187,301
4188,456
4189,384
4190,266
4191,964
4192,2364
4193,275
4194,430
4195,375
4196,291
4197,285
4198,231
4199,318
4200,257
4201,457
4202,313
4203,428
4204,273
4205,301
4206,326
4207,401
4208,433
4209,534
4210,379
4211,605
4212,415
4213,709
4214,505
4215,420
4216,546
4217,419
4218,706
4219,486
4220,437
4221,422
4222,518
4223,323
4224,888
4225,596
4226,335
4227,380
4228,262
4229,699
4230,1032
4231,1413
4232,526
4233,634
4234,424
4235,1305
4236,1023
4237,955
4238,1455
4239,800
4240,817
4241,805
4242,703
4243,475
4244,424
4245,491
4246,364
4247,219
4248,490
4249,257
4250,359
4251,474
4252,366
4253,640
4254,348
4255,617
4256,358
4257,522
4258,379
4259,598
4260,709
4261,631
4262,558
4263,407
4264,457
4265,263
4266,349
4267,743
4268,698
4269,310
4270,460
4271,635
4272,295
4273,480
4274,324
4275,512
4276,560
4277,516
4278,546
4279,463
4280,601
4281,561
4282,751
4283,442
4284,553
4285,538
4286,944
4287,620
4288,427
4289,405
4290,351
4291,313
4292,427
4293,347
4294,347
4295,575
4296,400
4297,703
4298,429
4299,456
4300,374
4301,548
4302,637
4303,869
4304,1136
4305,597
4306,471
4307,384
4308,431
4309,474
4310,591
4311,348
4312,415
4313,292
4314,638
4315,467
4316,262
4317,681
4318,547
4319,1174
4320,451
4321,743
4322,382
4323,888
4324,513
4325,958
4326,939
4327,854
4328,741
4329,1021
4330,459
4331,754
4332,507
4333,720
4334,425
4335,493
4336,328
4337,628
4338,434
4339,544
4340,527
4341,556
4342,757
4343,379
4344,375
4345,800
4346,396
4347,960
4348,884
4349,531
4350,317
4351,677
4352,341
4353,230
4354,325
4355,539
4356,220
4357,243
4358,554
4359,740
4360,311
4361,1100
4362,549
4363,1002
4364,812
4365,889
4366,532
4367,441
4368,374
4369,1175
4370,694
4371,467
4372,333
4373,426
4374,355
4375,556
4376,275
4377,380
4378,754
4379,1552
4380,452
4381,391
4382,533
4383,1065
4384,655
4385,949
4386,521
4387,676
4388,370
4389,1095
4390,691
4391,1198
4392,1204
4393,1078
4394,540
4395,737
4396,726
4397,382
4398,453
4399,891
4400,285
4401,398
4402,374
4403,1137
4404,325
4405,810
4406,542
4407,1835
4408,1069
4409,628
4410,563
4411,720
4412,513
4413,1834
4414,921
4415,558
4416,433
4417,419
4418,280
4419,609
4420,562
4421,472
4422,492
4423,620
4424,399
4425,497
4426,481
4427,495
4428,433
4429,1004
4430,390
4431,521
4432,551
4433,740
4434,299
4435,972
4436,748
4437,539
4438,369
4439,564
4440,300
4441,449
4442,357
4443,391
4444,577
4445,438
4446,271
4447,351
4448,649
4449,310
4450,840
4451,857
4452,508
4453,716
4454,428
4455,620
4456,1219
4457,461
4458,414
4459,594
4460,834
4461,670
4462,366
4463,795
4464,593
4465,590
4466,511
4467,1010
4468,849
4469,449
4470,716
4471,800
4472,1030
4473,878
4474,887
4475,627
4476,459
4477,1308
4478,573
4479,1373
4480,1293
4481,1117
4482,483
4483,448
4484,902
4485,740
4486,492
4487,396
4488,624
4489,650
4490,306
4491,415
4492,392
4493,601
4494,469
4495,838
4496,387
4497,625
4498,320
4499,909
4500,368
4501,764
4502,943
4503,765
4504,466
4505,375
4506,293
4507,505
4508,721
4509,327
4510,1126
4511,630
4512,631
4513,534
4514,293
4515,397
4516,765
4517,654
4518,401
4519,487
4520,644
4521,424
4522,355
4523,870
4524,422
4525,441
4526,512
4527,852
4528,642
4529,300
4530,629
4531,394
4532,487
4533,519
4534,748
4535,482
4536,639
4537,954
4538,465
4539,448
4540,573
4541,859
4542,794
4543,835
4544,730
4545,692
4546,480
4547,699
4548,623
4549,642
4550,1000
4551,333
4552,340
4553,431
4554,315
4555,467
4556,333
4557,529
4558,318
4559,466
4560,264
4561,391
4562,426
4563,374
4564,229
4565,475
4566,297
4567,269
4568,397
4569,467
4570,508
4571,660
4572,600
4573,617
4574,260
4575,397
4576,780
4577,543
4578,345
4579,400
4580,681
4581,570
4582,408
4583,743
4584,509
4585,711
4586,551
4587,984
4588,480
4589,662
4590,442
4591,523
4592,392
4593,373
4594,415
4595,309
4596,562
4597,446
4598,354
4599,240
4600,351
4601,347
4602,354
4603,534
4604,453
4605,450
4606,328
4607,358
4608,243
4609,320
4610,257
4611,422
4612,443
4613,441
4614,261
4615,296
4616,230
4617,320
4618,230
4619,549
4620,202
4621,443
4622,472
4623,304
4624,453
4625,445
4626,451
4627,504
4628,623
4629,700
4630,532
4631,1071
4632,341
4633,455
4634,428
4635,912
4636,692
4637,515
4638,441
4639,516
4640,412
4641,404
4642,345
4643,631
4644,271
4645,282
4646,336
4647,745
4648,316
4649,599
4650,508
4651,626
4652,315
4653,463
4654,297
4655,340
4656,305
4657,633
4658,312
4659,411
4660,368
4661,481
4662,275
4663,286
4664,593
4665,554
4666,565
4667,223
4668,633
4669,431
4670,1362
4671,526
4672,293
4673,563
4674,451
4675,496
4676,272
4677,416
4678,308
4679,680
4680,323
4681,361
4682,306
4683,303
4684,308
4685,315
4686,257
4687,368
4688,484
4689,263
4690,1149
4691,554
4692,507
4693,506
4694,1122
4695,829
4696,759
4697,749
4698,432
4699,668
4700,537
4701,847
4702,363
4703,608
4704,428
4705,351
4706,953
4707,570
4708,300
4709,313
4710,646
4711,261
4712,297
4713,290
4714,398
4715,548
4716,287
4717,725
4718,555
4719,501
4720,1035
4721,577
4722,839
4723,395
4724,596
4725,387
4726,305
4727,312
4728,427
4729,354
4730,347
4731,436
4732,881
4733,508
4734,222
4735,391
4736,271
4737,480
4738,255
4739,816
4740,410
4741,490
4742,306
4743,396
4744,369
4745,331
4746,227
4747,599
4748,513
4749,267
4750,621
4751,928
4752,631
4753,774
4754,252
4755,451
4756,1126
4757,540
4758,427
4759,639
4760,948
4761,484
4762,758
4763,819
4764,1064
4765,750
4766,678
4767,775
4768,651
4769,454
4770,386
4771,269
4772,596
4773,302
4774,365
4775,365
4776,349
4777,389
4778,556
4779,450
4780,561
4781,976
4782,438
4783,1128
4784,713
4785,754
4786,452
4787,387
4788,530
4789,617
4790,454
4791,337
4792,654
4793,351
4794,477
4795,330
4796,399
4797,264
4798,314
4799,518
4800,346
4801,592
4802,507
4803,464
4804,307
4805,560
4806,263
4807,337
4808,554
4809,500
4810,609
4811,878
4812,1059
4813,639
4814,342
4815,608
4816,1088
4817,758
4818,685
4819,884
4820,802
4821,571
4822,624
4823,849
4824,797
4825,662
4826,341
4827,949
4828,685
4829,376
4830,376
4831,305
4832,383
4833,392
4834,326
4835,251
4836,264
4837,410
4838,666
4839,280
4840,498
4841,407
4842,475
4843,385
4844,743
4845,985
4846,614
4847,695
4848,681
4849,2187
4850,644
4851,1032
4852,573
4853,968
4854,797
4855,763
4856,554
4857,672
4858,653
4859,962
4860,323
4861,450
4862,728
4863,545
4864,367
4865,443
4866,296
4867,409
4868,638
4869,720
4870,726
4871,1426
4872,585
4873,627
4874,383
4875,989
4876,1106
4877,675
4878,780
4879,602
4880,753
4881,531
4882,373
4883,584
4884,462
4885,310
4886,654
4887,471
4888,338
4889,389
4890,537
4891,514
4892,353
4893,708
4894,532
4895,471
4896,340
4897,464
4898,637
4899,449
4900,653
4901,429
4902,1026
4903,378
4904,471
4905,607
4906,484
4907,262
4908,318
4909,280
4910,2205
4911,448
4912,560
4913,306
4914,244
4915,397
4916,232
4917,472
4918,232
4919,328
4920,240
4921,357
4922,267
4923,223
4924,260
4925,246
4926,211
4927,448
4928,378
4929,264
4930,450
4931,494
4932,547
4933,339
4934,254
4935,611
4936,642
4937,1014
4938,428
4939,480
4940,685
4941,463
4942,496
4943,792
4944,410
4945,466
4946,588
4947,462
4948,328
4949,506
4950,526
4951,604
4952,261
4953,252
4954,402
4955,324
4956,274
4957,626
4958,414
4959,926
4960,326
4961,520
4962,479
4963,451
4964,695
4965,776
4966,406
4967,270
4968,426
4969,446
4970,498
4971,278
4972,357
4973,305
4974,271
4975,309
4976,266
4977,640
4978,254
4979,542
4980,222
4981,728
4982,356
4983,281
4984,372
4985,517
4986,265
4987,779
4988,2331
4989,574
4990,1488
4991,588
4992,1216
4993,745
4994,281
4995,458
4996,584
4997,499
4998,413
4999,421
5000,667
5001,323
5002,736
5003,553
5004,386
5005,501
5006,533
5007,557
5008,522
5009,432
5010,686
5011,341
5012,594
5013,218
5014,437
5015,399
5016,413
5017,700
5018,616
5019,288
5020,361
5021,720
5022,584
5023,624
5024,2023
5025,1110
5026,598
5027,379
5028,759
5029,758
5030,566
5031,437
5032,1128
5033,358
5034,293
5035,261
5036,235
5037,479
5038,359
5039,569
5040,231
5041,471
5042,443
5043,349
5044,689
5045,354
5046,275
5047,393
5048,416
5049,546
5050,867
5051,867
5052,529
5053,453
5054,288
5055,384
5056,436
5057,299
5058,361
5059,374
5060,318
5061,269
5062,351
5063,361
5064,344
5065,372
5066,340
5067,510
5068,384
5069,437
5070,650
5071,293
5072,343
5073,552
5074,414
5075,391
5076,335
5077,515
5078,508
5079,468
5080,826
5081,607
5082,315
5083,499
5084,633
5085,456
5086,280
5087,248
5088,413
5089,364
5090,287
5091,318
5092,801
5093,458
5094,371
5095,441
5096,382
5097,406
5098,283
5099,485
5100,304
5101,249
5102,272
5103,250
5104,223
5105,233
5106,269
5107,231
5108,282
5109,466
5110,303
5111,522
5112,387
5113,325
5114,220
5115,434
5116,327
5117,380
5118,365
5119,403
5120,377
5121,257
5122,247
5123,373
5124,327
5125,263
5126,441
5149,440
5150,550
5151,424
5152,336
5153,383
5154,461
5155,308
5156,290
5157,575
5158,251
5159,845
5160,355
5161,421
5162,546
5163,679
5164,997
5165,898
5166,363
5167,308
5168,391
5169,216
5170,262
5171,324
5172,1942
5173,314
5174,348
5175,344
5176,364
5177,326
5178,236
5179,424
5180,315
5181,511
5182,290
5183,358
5184,488
5185,370
5186,312
5187,357
5188,217
5189,313
5190,442
5191,291
5192,537
5193,535
5194,453
5195,402
5196,293
5197,415
5198,730
5199,505
5200,394
5201,630
5202,617
5203,549
5204,846
5205,772
5206,867
5207,498
5208,317
5209,720
5210,509
5211,307
5212,716
5213,413
5214,432
5215,262
5216,315
5217,443
5218,294
5219,466
5220,242
5221,336
5222,459
5223,328
5224,422
5225,941
5226,635
5227,299
5228,304
5229,254
5230,266
5231,291
5232,315
5233,296
5234,465
5235,305
5236,275
5237,228
5238,287
5239,368
5240,255
5241,535
5242,385
5243,573
5244,663
5245,583
5246,267
5247,354
5248,264
5249,700
5250,626
5251,372
5252,296
5253,794
5254,332
5255,349
5256,326
5257,382
5258,280
5259,389
5260,444
5261,517
5262,509
5263,518
5264,558
5265,569
5266,391
5267,527
5268,278
5269,932
5270,334
5271,788
5272,729
5273,472
5274,336
5275,374
5276,359
5277,259
5278,511
5279,467
5280,438
5281,443
5282,363
5283,265
5284,278
5285,613
5286,340
5287,308
5288,444
5289,329
5290,305
5291,316
5292,266
5293,540
5294,879
5295,272
5296,282
5297,531
5298,213
5299,278
5300,693
5301,418
5302,219
5303,233
5304,353
5305,365
5306,236
5307,355
5308,245
5309,429
5310,312
5311,868
5312,292
5313,539
5314,328
5315,366
5316,321
5317,270
5318,404
5319,576
5320,357
5321,290
5322,571
5323,405
5324,313
5325,735
5326,418
5327,270
5328,400
5329,341
5330,307
5331,312
5332,347
5333,353
5334,307
5335,413
5336,315
5337,281
5338,448
5339,433
5340,301
5341,739
5342,263
5343,252
5344,538
5345,294
5346,298
5347,385
5348,427
5349,208
5350,293
5351,264
5352,492
5353,302
5354,316
5355,432
5356,423
5357,294
5358,226
5359,241
5360,251
5361,384
5362,268
5363,338
5364,357
5365,250
5366,269
5367,296
5368,238
